<?xml version="1.0" encoding="UTF-8"?><NativeDicomModel xml:space="preserve"><DicomAttribute keyword="RetrieveURL" tag="00081190" vr="UR"><Value number="1">http://localhost:8080/stowrs/studies/2.25.167995522240026955647820710009734446304</Value></DicomAttribute><DicomAttribute keyword="ReferencedSOPSequence" tag="00081199" vr="SQ"><Item number="1"><DicomAttribute keyword="ReferencedSOPClassUID" tag="00081150" vr="UI"><Value number="1">1.2.840.10008.5.1.4.1.1.7</Value></DicomAttribute><DicomAttribute keyword="ReferencedSOPInstanceUID" tag="00081155" vr="UI"><Value number="1">2.25.285173212107550726725959070164943564389</Value></DicomAttribute><DicomAttribute keyword="RetrieveURL" tag="00081190" vr="UR"><Value number="1">http://localhost:8080/stowrs/studies/2.25.167995522240026955647820710009734446304/series/2.25.109574005966230047031836542682704730019/instances/2.25.285173212107550726725959070164943564389</Value></DicomAttribute></Item></DicomAttribute></NativeDicomModel>
