<?xml version="1.0" encoding="UTF-8"?>
<project xsi:schemaLocation="http://maven.apache.org/POM/4.0.0 https://maven.apache.org/xsd/maven-4.0.0.xsd" xmlns="http://maven.apache.org/POM/4.0.0"
    xmlns:xsi="http://www.w3.org/2001/XMLSchema-instance">
  <modelVersion>4.0.0</modelVersion>
  <parent>
    <groupId>org.weasis</groupId>
    <artifactId>weasis-parent</artifactId>
    <version>3.7.0</version>
    <relativePath>../../weasis-parent/pom.xml</relativePath>
  </parent>
  <groupId>org.weasis</groupId>
  <artifactId>archetype-resources</artifactId>
  <version>3.7.0</version>
  <name>Tool panel sample [${project.artifactId}]</name>
  <licenses>
    <license>
      <name>Eclipse Public License v2.0</name>
      <url>http://www.eclipse.org/legal/epl-v20.html</url>
      <distribution>repo</distribution>
    </license>
  </licenses>
  <dependencies>
    <dependency>
      <groupId>org.weasis.core</groupId>
      <artifactId>weasis-core-api</artifactId>
      <version>3.7.0</version>
      <scope>provided</scope>
    </dependency>
    <dependency>
      <groupId>org.weasis.core</groupId>
      <artifactId>weasis-core-ui</artifactId>
      <version>3.7.0</version>
      <scope>provided</scope>
    </dependency>
    <dependency>
      <groupId>org.weasis.thirdparty</groupId>
      <artifactId>docking-frames</artifactId>
      <version>1.1.3p1</version>
      <scope>provided</scope>
    </dependency>
    <dependency>
      <groupId>org.weasis.dicom</groupId>
      <artifactId>weasis-dicom-viewer2d</artifactId>
      <version>3.7.0</version>
      <scope>provided</scope>
    </dependency>
    <dependency>
      <groupId>org.weasis.dicom</groupId>
      <artifactId>weasis-dicom-codec</artifactId>
      <version>3.7.0</version>
      <scope>provided</scope>
    </dependency>
    <dependency>
      <groupId>org.weasis.dicom</groupId>
      <artifactId>weasis-dicom-explorer</artifactId>
      <version>3.7.0</version>
      <scope>provided</scope>
    </dependency>
  </dependencies>
  <build>
    <plugins>
      <plugin>
        <groupId>org.apache.felix</groupId>
        <artifactId>maven-scr-plugin</artifactId>
      </plugin>
      <plugin>
        <groupId>biz.aQute.bnd</groupId>
        <artifactId>bnd-maven-plugin</artifactId>
      </plugin>
    </plugins>
  </build>
</project>
