<?xml version="1.0" encoding="UTF-8"?>
<project xsi:schemaLocation="http://maven.apache.org/POM/4.0.0 https://maven.apache.org/xsd/maven-4.0.0.xsd" xmlns="http://maven.apache.org/POM/4.0.0"
    xmlns:xsi="http://www.w3.org/2001/XMLSchema-instance">
  <modelVersion>4.0.0</modelVersion>
  <parent>
    <groupId>org.weasis</groupId>
    <artifactId>weasis-parent</artifactId>
    <version>3.7.0</version>
    <relativePath>../weasis-parent/pom.xml</relativePath>
  </parent>
  <groupId>org.weasis.samples</groupId>
  <artifactId>weasis-plugin-archetype</artifactId>
  <version>3.7.0</version>
  <packaging>pom</packaging>
  <name>Default Plug-ins Achetypes [${project.artifactId}]</name>
  <licenses>
    <license>
      <name>Eclipse Public License v2.0</name>
      <url>http://www.eclipse.org/legal/epl-v20.html</url>
      <distribution>repo</distribution>
    </license>
  </licenses>
  <modules>
    <module>weasis-plugin-base-viewer</module>
    <module>weasis-plugin-dicom-viewer</module>
    <module>weasis-isowriter</module>
    <module>archetype-resources</module>
  </modules>
  <build>
    <extensions>
      <extension>
        <groupId>org.apache.maven.archetype</groupId>
        <artifactId>archetype-packaging</artifactId>
        <version>2.2</version>
      </extension>
    </extensions>
    <pluginManagement>
      <plugins>
        <plugin>
          <artifactId>maven-archetype-plugin</artifactId>
          <version>2.2</version>
          <extensions>true</extensions>
        </plugin>
      </plugins>
    </pluginManagement>
  </build>
</project>
