<?xml version="1.0" encoding="UTF-8"?>
<NativeDicomModel xml:space="preserve">
    <DicomAttribute keyword="SpecificCharacterSet" tag="00080005" vr="CS"/>
    <DicomAttribute keyword="QueryRetrieveLevel" tag="00080052" vr="CS"/>
    <DicomAttribute keyword="PatientName" tag="00100010" vr="PN"/>
    <DicomAttribute keyword="PatientID" tag="00100020" vr="LO"/>
    <DicomAttribute keyword="IssuerOfPatientID" tag="00100021" vr="LO"/>
    <DicomAttribute keyword="PatientBirthDate" tag="00100030" vr="DA"/>
    <DicomAttribute keyword="PatientSex" tag="00100040" vr="CS"/>
    <DicomAttribute keyword="NumberOfPatientRelatedStudies" tag="00201200" vr="IS"/>
</NativeDicomModel>