<?xml version="1.0" encoding="UTF-8"?>
<project xsi:schemaLocation="http://maven.apache.org/POM/4.0.0 https://maven.apache.org/xsd/maven-4.0.0.xsd" xmlns="http://maven.apache.org/POM/4.0.0"
    xmlns:xsi="http://www.w3.org/2001/XMLSchema-instance">
  <modelVersion>4.0.0</modelVersion>
  <parent>
    <groupId>org.weasis.samples</groupId>
    <artifactId>weasis-plugin-archetype</artifactId>
    <version>3.7.0</version>
  </parent>
  <groupId>org.weasis.samples</groupId>
  <artifactId>weasis-isowriter</artifactId>
  <version>3.7.0</version>
  <name>${project.artifactId}</name>
  <description>Tool for creating and burning iso9660 image</description>
  <licenses>
    <license>
      <name>Eclipse Public License v2.0</name>
      <url>http://www.eclipse.org/legal/epl-v20.html</url>
      <distribution>repo</distribution>
    </license>
  </licenses>
  <scm>
    <connection>scm:git:git@github.com:nroduit/weasis-isowriter.git</connection>
    <developerConnection>scm:git:https://github.com/nroduit/weasis-isowriter.git</developerConnection>
    <url>https://github.com/nroduit/weasis-isowriter</url>
  </scm>
  <dependencies>
    <dependency>
      <groupId>org.weasis.core</groupId>
      <artifactId>weasis-core-api</artifactId>
      <version>${project.parent.version}</version>
      <scope>provided</scope>
    </dependency>
    <dependency>
      <groupId>org.weasis.core</groupId>
      <artifactId>weasis-core-img</artifactId>
      <version>${weasis.core.img.version}</version>
      <scope>provided</scope>
    </dependency>
    <dependency>
      <groupId>org.weasis.core</groupId>
      <artifactId>weasis-core-ui</artifactId>
      <version>${project.parent.version}</version>
      <scope>provided</scope>
    </dependency>
    <dependency>
      <groupId>org.weasis.dicom</groupId>
      <artifactId>weasis-dicom-codec</artifactId>
      <version>${project.parent.version}</version>
      <scope>provided</scope>
    </dependency>
    <dependency>
      <groupId>org.weasis.dicom</groupId>
      <artifactId>weasis-dicom-explorer</artifactId>
      <version>${project.parent.version}</version>
      <scope>provided</scope>
    </dependency>
    <dependency>
      <groupId>com.github.stephenc.java-iso-tools</groupId>
      <artifactId>iso9660-writer</artifactId>
      <version>2.1.0</version>
    </dependency>
    <dependency>
      <groupId>com.github.stephenc.java-iso-tools</groupId>
      <artifactId>sabre</artifactId>
      <version>2.1.0</version>
      <exclusions>
        <exclusion>
          <artifactId>commons-lang</artifactId>
          <groupId>commons-lang</groupId>
        </exclusion>
        <exclusion>
          <artifactId>ant</artifactId>
          <groupId>org.apache.ant</groupId>
        </exclusion>
      </exclusions>
    </dependency>
  </dependencies>
  <repositories>
    <repository>
      <snapshots>
        <enabled>true</enabled>
        <updatePolicy>always</updatePolicy>
      </snapshots>
      <id>mvn-repo-master</id>
      <url>https://raw.github.com/nroduit/mvn-repo/master/</url>
    </repository>
  </repositories>
  <build>
    <plugins>
      <plugin>
        <groupId>org.apache.felix</groupId>
        <artifactId>maven-scr-plugin</artifactId>
      </plugin>
      <plugin>
        <artifactId>maven-dependency-plugin</artifactId>
        <executions>
          <execution>
            <id>copy-dependency</id>
            <goals>
              <goal>copy-dependencies</goal>
            </goals>
            <configuration>
              <includeArtifactIds>sabre,iso9660-writer,weasis-distributions</includeArtifactIds>
              <stripVersion>true</stripVersion>
            </configuration>
          </execution>
        </executions>
      </plugin>
      <plugin>
        <groupId>biz.aQute.bnd</groupId>
        <artifactId>bnd-maven-plugin</artifactId>
        <configuration>
          <bnd>-includeresource.all: lib/=target/dependency/;lib:=true
						Import-Package: !org.apache.tools.ant.*,!org.apache.commons.lang.*,*
						Export-Package: org.weasis.isowriter.*</bnd>
        </configuration>
      </plugin>
    </plugins>
  </build>
</project>
