<?xml version="1.0" encoding="UTF-8"?>
<project xsi:schemaLocation="http://maven.apache.org/POM/4.0.0 https://maven.apache.org/xsd/maven-4.0.0.xsd" xmlns="http://maven.apache.org/POM/4.0.0"
    xmlns:xsi="http://www.w3.org/2001/XMLSchema-instance">
  <modelVersion>4.0.0</modelVersion>
  <parent>
    <groupId>org.weasis.samples</groupId>
    <artifactId>weasis-plugin-archetype</artifactId>
    <version>3.7.0</version>
  </parent>
  <groupId>org.weasis.samples</groupId>
  <artifactId>weasis-plugin-dicom-viewer-archetype</artifactId>
  <version>3.7.0</version>
  <packaging>maven-archetype</packaging>
  <name>${project.artifactId}</name>
  <licenses>
    <license>
      <name>Eclipse Public License v2.0</name>
      <url>http://www.eclipse.org/legal/epl-v20.html</url>
      <distribution>repo</distribution>
    </license>
  </licenses>
</project>
